{"proxies":{"av.imageview.ImageViewProxy":{"superPackageName":"org.appcelerator.titanium.proxy","superProxyBindingClassName":"org.appcelerator.titanium.proxy.TiViewProxyBindingGen","proxyClassName":"ImageViewProxy","proxyAttrs":{"propertyAccessors":["requestHeaders","handleCookies","contentMode","rounded","animated","timeout","shouldCacheImagesInMemory","loadingIndicator","loadingIndicatorColor","image","signature","defaultImage","brokenLinkImage"],"fullAPIName":"AvImageviewNew.ImageView","name":"ImageView","proxyClassName":"av.imageview.ImageViewProxy","isTopLevel":false,"id":"av.imageview.ImageViewProxy","creatableInModule":"av.imageview.ImageViewModule","parentModule":"org.appcelerator.kroll.annotations.Kroll.DEFAULT"},"packageName":"av.imageview","sourceName":"av.imageview.ImageViewProxyBindingGen","superProxyClassName":"TiViewProxy","isModule":false,"genClassName":"ImageViewProxyBindingGen"},"av.imageview.ImageViewModule":{"superPackageName":"org.appcelerator.kroll","superProxyBindingClassName":"org.appcelerator.kroll.KrollModuleBindingGen","proxyClassName":"ImageViewModule","proxyAttrs":{"propertyAccessors":[],"fullAPIName":"AvImageviewNew","name":"AvImageviewNew","proxyClassName":"av.imageview.ImageViewModule","isTopLevel":false,"id":"av.imageview"},"packageName":"av.imageview","sourceName":"av.imageview.ImageViewModuleBindingGen","constants":{"CONTENT_MODE_ASPECT_FIT":{"proxyName":"CONTENT_MODE_ASPECT_FIT","name":"CONTENT_MODE_ASPECT_FIT","type":"java.lang.String","value":"fitCenter"},"CONTENT_MODE_ASPECT_FILL":{"proxyName":"CONTENT_MODE_ASPECT_FILL","name":"CONTENT_MODE_ASPECT_FILL","type":"java.lang.String","value":"centerCrop"}},"superProxyClassName":"KrollModule","isModule":true,"genClassName":"ImageViewModuleBindingGen","onAppCreate":"onAppCreate"}},"modules":{"av.imageview.ImageViewModule":{"apiName":"AvImageviewNew","createProxies":[{"propertyAccessors":["requestHeaders","handleCookies","contentMode","rounded","animated","timeout","shouldCacheImagesInMemory","loadingIndicator","loadingIndicatorColor","image","signature","defaultImage","brokenLinkImage"],"fullAPIName":"AvImageviewNew.ImageView","name":"ImageView","proxyClassName":"av.imageview.ImageViewProxy","isTopLevel":false,"id":"av.imageview.ImageViewProxy","creatableInModule":"av.imageview.ImageViewModule","parentModule":"org.appcelerator.kroll.annotations.Kroll.DEFAULT"}]}}}